{
  "stream":"snd/sprite",
  "sprite": {
    "silence": [
      0,
      100,
      true
    ],
    "btnClick": [
      200,
      597.936507936508
    ],
    "move": [
      1299.9999999999998,
      84.35374149659869
    ]
  }
}